{"entropy_mean": 2.2934859371185303, "grad_norm_mean": 4.404999091298818}