{"entropy_mean": 2.3005308866500855, "grad_norm_mean": 1.0681608903179654}